{"win_reward_func": [0.2, 0.2, 0.0, 0.0, 0.2, 0.2, 0.2, 0.2, 0.2, 0.2, 0.2, 0.2, 0.2, 0.2, 0.2, 0.2, 0.2, 0.2, 0.2, 0.2, 0.2, 0.2, 0.2, 0.2, 0.2, 0.2, 0.2, 0.2, 0.2, 0.2, 0.2, 0.2, 0.2, 0.2, 0.2, 0.2, 0.2, 0.2, 0.2, 0.0, 0.2, 0.2, 0.2, 0.2, 0.2], "efficiency_reward_func": [0.1088188204120155, 0.0717936471873147, 0.0031728609232665435, 0.0031728609232665435, 0.125, 0.023683071351724965, 0.0625, 0.015625, 0.06698584140851832, 0.13397168281703664, 0.050765774772264724, 0.03125, 0.02915728098552524, 0.03847326291702863, 0.017948411796828673, 0.03349292070425915, 0.05440941020600775, 0.0034005881378754866, 0.005524271728019903, 0.023683071351724965, 0.009618315729257157, 0.027204705103003875, 0.03589682359365735, 0.02061731110582648, 0.015625, 0.015625, 0.011841535675862483, 0.004186615088032394, 0.03589682359365735, 0.016746460352129577, 0.0063457218465330905, 0.003644660123190655, 0.008373230176064788, 0.011048543456039806, 0.0031728609232665435, 0.0031728609232665435, 0.008974205898414337, 0.011048543456039806, 0.0031728609232665435, 0.027204705103003875, 0.0031728609232665435, 0.0031728609232665435, 0.0078125, 0.0031728609232665435, 0.0031728609232665435], "hit_reward_func": [0.27999999999999997, 0.27999999999999997, 0.0, 0.0, 0.27999999999999997, 0.27999999999999997, 0.27999999999999997, 0.32999999999999996, 0.27999999999999997, 0.27999999999999997, 0.27999999999999997, 0.32999999999999996, 0.37999999999999995, 0.27999999999999997, 0.27999999999999997, 0.27999999999999997, 0.27999999999999997, 0.27999999999999997, 0.27999999999999997, 0.27999999999999997, 0.27999999999999997, 0.27999999999999997, 0.27999999999999997, 0.27999999999999997, 0.27999999999999997, 0.27999999999999997, 0.27999999999999997, 0.27999999999999997, 0.27999999999999997, 0.27999999999999997, 0.27999999999999997, 0.27999999999999997, 0.27999999999999997, 0.27999999999999997, 0.27999999999999997, 0.27999999999999997, 0.27999999999999997, 0.27999999999999997, 0.27999999999999997, 0.22999999999999998, 0.37999999999999995, 0.27999999999999997, 0.27999999999999997, 0.37999999999999995, 0.27999999999999997], "sink_reward_func": [0.0, 0.0, 0.0, 0.0, 0.0, 0.0, 0.0, 0.0, 0.0, 0.0, 0.0, 0.0, 0.0, 0.0, 0.0, 0.0, 0.0, 0.0, 0.0, 0.0, 0.0, 0.0, 0.0, 0.0, 0.0, 0.0, 0.0, 0.0, 0.0, 0.0, 0.0, 0.0, 0.0, 0.0, 0.0, 0.0, 0.0, 0.0, 0.0, 0.0, 0.0, 0.0, 0.0, 0.0, 0.0], "format_reward_func": [1.0, 1.0, 1.0, 1.0, 1.0, 1.0, 1.0, 0.987012987012987, 1.0, 1.0, 1.0, 1.0, 0.8676470588235294, 1.0, 1.0, 1.0, 1.0, 1.0, 1.0, 0.9577464788732394, 0.7976190476190477, 1.0, 1.0, 1.0, 1.0, 1.0, 1.0, 0.9270833333333334, 1.0, 1.0, 0.9777777777777777, 1.0, 1.0, 1.0, 0.84, 0.59, 1.0, 1.0, 0.95, 0.9855072463768116, 0.75, 1.0, 0.9425287356321839, 0.81, 1.0], "valid_move_reward_func": [1.0, 1.0, 1.0, 1.0, 1.0, 1.0, 1.0, 1.0, 1.0, 1.0, 1.0, 1.0, 1.0, 1.0, 1.0, 1.0, 1.0, 1.0, 1.0, 1.0, 1.0, 1.0, 1.0, 1.0, 1.0, 1.0, 1.0, 1.0, 1.0, 1.0, 1.0, 1.0, 1.0, 1.0, 1.0, 1.0, 1.0, 1.0, 1.0, 1.0, 1.0, 1.0, 1.0, 1.0, 1.0], "follow_up_reward_func": [2.2499999999999996, 2.3999999999999995, 0.0, 0.0, 2.999999999999999, 2.849999999999999, 2.3999999999999995, 2.2499999999999996, 2.0999999999999996, 2.3999999999999995, 2.6999999999999993, 3.7499999999999987, 2.5499999999999994, 2.5499999999999994, 2.2499999999999996, 2.999999999999999, 3.149999999999999, 2.5499999999999994, 2.0999999999999996, 2.999999999999999, 2.5499999999999994, 3.449999999999999, 2.849999999999999, 3.299999999999999, 2.3999999999999995, 3.149999999999999, 3.7499999999999987, 3.8999999999999986, 2.999999999999999, 1.9499999999999995, 2.999999999999999, 3.299999999999999, 2.2499999999999996, 3.7499999999999987, 2.5499999999999994, 2.5499999999999994, 3.449999999999999, 2.6999999999999993, 2.5499999999999994, 2.0999999999999996, 3.449999999999999, 2.999999999999999, 2.999999999999999, 1.9499999999999995, 2.999999999999999]}